sector,symbols,median_ret_20d,median_ret_60d,breadth_above_sma20_pct,breadth_above_sma50_pct,relative_strength_vs_market_20d,sector_score
HOTELS,2,-0.82,-4.84,50.0,0.0,4.46,0
OIL_GAS,10,-3.26,-5.51,0.0,0.0,2.04,-1
TELECOM,4,-3.06,-6.46,0.0,0.0,2.23,-1
PHARMA,18,-2.9,4.65,22.2,50.0,2.39,-1
AUTO,8,-9.48,-6.54,0.0,0.0,-4.19,-3
AUTO_ANC,7,-5.29,-3.17,14.3,0.0,0.0,-3
BANK,26,-4.62,-2.31,15.4,30.8,0.66,-3
CAPITAL_GOODS,7,-5.84,-0.73,0.0,0.0,-0.55,-3
FINANCIALS,22,-5.96,-7.72,22.7,18.2,-0.67,-3
CONSUMER_DURABLES,4,-10.8,-14.08,0.0,0.0,-5.51,-3
CHEMICALS,8,-8.41,-8.94,0.0,12.5,-3.12,-3
CEMENT,7,-4.65,-10.81,14.3,14.3,0.64,-3
IT,12,-4.03,-1.95,25.0,0.0,1.26,-3
FINTECH,2,-25.89,-3.38,0.0,0.0,-20.6,-3
FMCG,12,-5.86,-12.04,8.3,8.3,-0.57,-3
HEALTHCARE,4,-9.3,-10.27,25.0,25.0,-4.01,-3
NBFC,8,-9.1,-8.02,0.0,0.0,-3.81,-3
METALS,10,-6.94,-0.63,10.0,10.0,-1.65,-3
LOGISTICS,3,-10.53,-3.42,0.0,33.3,-5.24,-3
PAINTS,2,-9.57,-9.82,0.0,0.0,-4.28,-3
POWER,22,-6.08,-12.18,22.7,9.1,-0.8,-3
QSR,3,-12.48,18.3,0.0,0.0,-7.19,-3
REALTY,6,-6.91,-6.07,33.3,16.7,-1.62,-3
RETAIL,4,-6.88,-7.72,25.0,0.0,-1.59,-3
